repository_owner,repository_name,repository_url,original_flesch_score,textstat_score,py_readability_score
arc42,quality.arc42.org-site,https://github.com/arc42/quality.arc42.org-site,46.58658508158513,46.58658508158513,54.1476785714286
logancyang,obsidian-copilot,https://github.com/logancyang/obsidian-copilot,-0.5924705320165344,-0.5924705320165344,-18.671375774916527
heyverse,hey,https://github.com/heyverse/hey,55.81930272108846,55.81930272108846,62.39000000000004
langfuse,langfuse,https://github.com/langfuse/langfuse,37.6065090909091,37.6065090909091,37.900332061068696
skhomuti,csm-sentinel,https://github.com/skhomuti/csm-sentinel,42.90974607329844,42.909746073298436,43.56419137466307
kfastov,telegram-mcp-server,https://github.com/kfastov/telegram-mcp-server,37.990374193548405,37.990374193548405,30.612335692618842
njfio,fluent_cli,https://github.com/njfio/fluent_cli,37.49056973400431,37.49056973400431,35.38510695187168
jfbosch,Mutation,https://github.com/jfbosch/Mutation,52.94174242424245,52.94174242424245,
TulevaEE,onboarding-service,https://github.com/TulevaEE/onboarding-service,-0.8321390696364688,-0.8321390696364688,-285.4644103209566
twitchax,triage-bot,https://github.com/twitchax/triage-bot,39.01591025641028,39.01591025641028,45.91706516643225
nextcloud,desktop,https://github.com/nextcloud/desktop,54.436398305084765,54.436398305084765,50.561710636515954
sbalci,ClinicoPathJamoviModule,https://github.com/sbalci/ClinicoPathJamoviModule,30.20035714285717,30.20035714285717,36.75643126980259
killerapp,continuous-image-gen,https://github.com/killerapp/continuous-image-gen,83.32000000000004,83.32000000000004,
quokka-astro,quokka,https://github.com/quokka-astro/quokka,43.48040037831024,43.480400378310236,38.128892371995846
pdm-project,pdm,https://github.com/pdm-project/pdm,15.342763157894725,15.342763157894723,17.319156010230188
rainbow-me,browser-extension,https://github.com/rainbow-me/browser-extension,0.0,,
rainbow-me,rainbowkit,https://github.com/rainbow-me/rainbowkit,48.58313384985309,48.583133849853084,45.86956881781842
PedramNavid,dbtpal,https://github.com/PedramNavid/dbtpal,46.435,46.435,
Pedal-Intelligence,saypi-userscript,https://github.com/Pedal-Intelligence/saypi-userscript,45.71556584093875,45.71556584093875,45.58916122551483
Uniswap,interface,https://github.com/Uniswap/interface,25.335500000000025,25.335500000000025,16.626979020979007
rob-luke,conversations,https://github.com/rob-luke/conversations,45.73333333333335,45.73333333333335,42.62090909090912
drmichaeldouglass,DICOMator,https://github.com/drmichaeldouglass/DICOMator,28.283917035022117,28.283917035022114,26.714246575342486
Dereje1,smart-recipe-generator,https://github.com/Dereje1/smart-recipe-generator,54.74120619633328,54.74120619633328,64.9079175998946
sam-goodwin,alchemy,https://github.com/sam-goodwin/alchemy,26.419470046082974,26.419470046082978,19.634243307123484
OSU-NLP-Group,saev,https://github.com/OSU-NLP-Group/saev,54.62523503724637,54.62523503724637,51.80955088047375
jafioti,luminal,https://github.com/jafioti/luminal,43.65026785714287,43.650267857142865,37.42915094339625
ZumitoTeam,zumito-framework,https://github.com/ZumitoTeam/zumito-framework,21.563500000000005,21.563500000000005,
ZumitoTeam,zumito-bot,https://github.com/ZumitoTeam/zumito-bot,27.04244347826088,27.04244347826088,19.21299551291969
lunary-ai,lunary,https://github.com/lunary-ai/lunary,38.30000785656222,38.30000785656222,39.209236123679204
caunt,Void,https://github.com/caunt/Void,36.42838613186595,36.42838613186595,38.773417958017376
janbjorge,pgqueuer,https://github.com/janbjorge/pgqueuer,44.900626993865046,44.900626993865046,37.44888548057261
uxlfoundation,oneDAL,https://github.com/uxlfoundation/oneDAL,-10.089518527449512,-10.089518527449513,-28.70999999999998
6529-Collections,6529seize-backend,https://github.com/6529-Collections/6529seize-backend,65.83986842105264,65.83986842105264,54.68257692307694
PrefectHQ,prefect,https://github.com/PrefectHQ/prefect,21.08789592033412,21.08789592033412,-25.418462732919224
PrefectHQ,prefect-operator,https://github.com/PrefectHQ/prefect-operator,6.168958883994151,6.168958883994151,5.179198380566845
hirosystems,explorer,https://github.com/hirosystems/explorer,44.58070451436387,44.58070451436387,56.27043389652226
opral,monorepo,https://github.com/opral/monorepo,61.42795945945946,61.42795945945946,65.19332391713749
rhamenator,ai-scraping-defense,https://github.com/rhamenator/ai-scraping-defense,40.60039970930234,40.60039970930234,40.899911129919644
LayerZero-Labs,devtools,https://github.com/LayerZero-Labs/devtools,33.58597560975613,33.58597560975613,35.33122859589045
swc-project,swc,https://github.com/swc-project/swc,68.38757142857142,68.38757142857142,
ottogroup,pixaris,https://github.com/ottogroup/pixaris,29.06775555555558,29.06775555555558,10.183400000000034
ArjenSchwarz,fog,https://github.com/ArjenSchwarz/fog,47.3881292785677,47.3881292785677,51.38714620919805
rebelosa,feature-importance-neural-networks,https://github.com/rebelosa/feature-importance-neural-networks,19.775645161290328,19.775645161290328,7.883636363636384
gofiber,cli,https://github.com/gofiber/cli,72.61545454545457,72.61545454545457,
gofiber,fiber,https://github.com/gofiber/fiber,49.28269943593878,49.28269943593878,46.54391806722691
malgo-lang,malgo,https://github.com/malgo-lang/malgo,42.30551948051951,42.30551948051951,47.75897526501768
BrianLeishman,go-imap,https://github.com/BrianLeishman/go-imap,50.24842105263161,50.24842105263161,56.339341463414655
carverauto,serviceradar,https://github.com/carverauto/serviceradar,42.75056690233046,42.75056690233046,44.70037137955393
functionalscript,functionalscript,https://github.com/functionalscript/functionalscript,54.38505258899679,54.385052588996786,53.306333333333356
theosanderson,taxonium,https://github.com/theosanderson/taxonium,44.405,44.405,
nyvyn,helpful.computer,https://github.com/nyvyn/helpful.computer,64.77505747126438,64.77505747126438,
alchemiststudiosDOTai,tunacode,https://github.com/alchemiststudiosDOTai/tunacode,39.90378603511641,39.90378603511641,44.69224716898958
alchemiststudiosDOTai,tinyAgent,https://github.com/alchemiststudiosDOTai/tinyAgent,43.25002673796794,43.25002673796794,33.79240625
acornprover,acornlib,https://github.com/acornprover/acornlib,68.21032534246578,68.21032534246578,66.56151500938087
bdougie,contributor.info,https://github.com/bdougie/contributor.info,49.90585913312697,49.90585913312697,54.59243783633329
skip-mev,skip-go,https://github.com/skip-mev/skip-go,9.453266782407413,9.453266782407411,-2.324878048780448
Subset-UCSD,Commit-Challenge-2025,https://github.com/Subset-UCSD/Commit-Challenge-2025,75.79400000000001,75.79400000000001,
futuroptimist,token.place,https://github.com/futuroptimist/token.place,43.599697640118,43.599697640117995,40.41500232450025
ikamensh,flynt,https://github.com/ikamensh/flynt,63.80537947346773,63.805379473467724,53.9966666666667
Shaurya-Sethi,circuitron,https://github.com/Shaurya-Sethi/circuitron,29.44774129172714,29.44774129172714,31.158303974254352
Shaurya-Sethi,transqlate,https://github.com/Shaurya-Sethi/transqlate,40.991780549530006,40.991780549530006,40.54639534883722
sunbeam-labs,sunbeam,https://github.com/sunbeam-labs/sunbeam,29.60465909090911,29.60465909090911,8.489075907590802
dcSpark,shinkai-local-ai-agents,https://github.com/dcSpark/shinkai-local-ai-agents,42.23925244664545,42.23925244664545,44.69439108910893
kdroidFilter,Platform-Tools,https://github.com/kdroidFilter/Platform-Tools,20.823035714285737,20.823035714285737,16.325909090909136
different-ai,zero-finance,https://github.com/different-ai/zero-finance,26.027915952299335,26.027915952299338,23.36250000000004
Teri-anric,AnimeStarsExtensions,https://github.com/Teri-anric/AnimeStarsExtensions,33.562963957055246,33.562963957055246,-26.860296610169456
mihaur,node-fastify-template,https://github.com/mihaur/node-fastify-template,65.68844155844158,65.68844155844158,
bionic-gpt,bionic-gpt,https://github.com/bionic-gpt/bionic-gpt,52.25633223590853,52.25633223590853,57.25749534503191
jabrena,cursor-rules-java,https://github.com/jabrena/cursor-rules-java,-12.468193277310888,-12.468193277310888,-20.389061508236352
opal,opal,https://github.com/opal/opal,55.772659515185296,55.772659515185296,53.21533320783135
ShigureLab,meowda,https://github.com/ShigureLab/meowda,31.294898648648683,31.294898648648683,43.07379871817082
aantropov,sailor,https://github.com/aantropov/sailor,54.53493506493507,54.53493506493507,59.50271428571429
UltimateBrent,discord-rod,https://github.com/UltimateBrent/discord-rod,56.35923076923078,56.35923076923078,51.61525641025645
valkey-io,valkey-glide,https://github.com/valkey-io/valkey-glide,10.269298245614069,10.269298245614067,-64.54699216639649
cortesi,musq,https://github.com/cortesi/musq,54.98000000000002,54.98000000000002,
cortesi,canopy,https://github.com/cortesi/canopy,29.871829268292714,29.871829268292714,
gridaco,grida,https://github.com/gridaco/grida,40.67214831180061,40.67214831180061,45.594886231665896
RickCarlino,gnutella-bun-client,https://github.com/RickCarlino/gnutella-bun-client,53.62707657985797,53.62707657985797,49.42078947368424
naveedanwarbhatti,Self-Citations-Checker,https://github.com/naveedanwarbhatti/Self-Citations-Checker,44.83000000000004,44.83000000000004,
naveedanwarbhatti,Google-Scholar-Conference-Ranker,https://github.com/naveedanwarbhatti/Google-Scholar-Conference-Ranker,41.34904761904764,41.34904761904764,19.708133333333365
fmueller,jarvis,https://github.com/fmueller/jarvis,61.24438461538461,61.244384615384604,58.428146775389195
albozes,shotbuddy,https://github.com/albozes/shotbuddy,42.53719180633149,42.53719180633149,39.27512145748989
stampchain-io,BTCStampsExplorer,https://github.com/stampchain-io/BTCStampsExplorer,38.10957426803816,38.10957426803816,45.50289345063541
AlexGreason,NozzleSim,https://github.com/AlexGreason/NozzleSim,53.56666666666669,53.56666666666669,
onlook-dev,onlook,https://github.com/onlook-dev/onlook,35.24696697026229,35.24696697026229,56.143588914549696
gluesql,gluesql,https://github.com/gluesql/gluesql,47.26182692307694,47.26182692307694,
gluesql,glues,https://github.com/gluesql/glues,37.3347204433498,37.334720443349795,32.29858123569798
lynx-family,lynx-stack,https://github.com/lynx-family/lynx-stack,25.17358031704097,25.173580317040972,15.472231920199533
ohcnetwork,care_fe,https://github.com/ohcnetwork/care_fe,17.45625000000001,17.45625000000001,-23.413292682926794
Atyantik,flarekit,https://github.com/Atyantik/flarekit,25.77948863636368,25.77948863636368,23.044955357142896
jwmcglynn,donner,https://github.com/jwmcglynn/donner,44.2519478383459,44.2519478383459,41.22943046986239
VRSEN,deep-research-agent-tutorial,https://github.com/VRSEN/deep-research-agent-tutorial,19.902352941176503,19.902352941176503,10.249440559440558
VRSEN,agency-swarm,https://github.com/VRSEN/agency-swarm,34.527290056991575,34.527290056991575,33.27159483935975
meza,minecraft-mod-manager,https://github.com/meza/minecraft-mod-manager,30.62572727272729,30.62572727272729,
mvilanova,intervals-mcp-server,https://github.com/mvilanova/intervals-mcp-server,50.0012890884897,50.0012890884897,52.069790502793325
catatsuy,private-isu,https://github.com/catatsuy/private-isu,42.639489436619726,42.639489436619726,40.87274327122154
oxcaml,oxcaml,https://github.com/oxcaml/oxcaml,27.663343978102205,27.663343978102205,17.61276315789476
FinAegis,core-banking-prototype-laravel,https://github.com/FinAegis/core-banking-prototype-laravel,21.40220025510203,21.40220025510203,23.815534372010404
latitude-dev,latitude-llm,https://github.com/latitude-dev/latitude-llm,13.488453723530853,13.488453723530853,-9.165065789473658
ybrs,pg_catalog,https://github.com/ybrs/pg_catalog,74.67130218068539,74.67130218068539,79.67700000000002
Humanizr,Humanizer,https://github.com/Humanizr/Humanizer,27.042243902439026,27.042243902439026,29.651717171717166
freeplane,freeplane,https://github.com/freeplane/freeplane,34.05381474978054,34.05381474978054,33.81116557734208
rasulkireev,marketing-agents,https://github.com/rasulkireev/marketing-agents,17.57459066172413,17.57459066172413,15.33387231503582
saas-factory-labs,Saas-Factory,https://github.com/saas-factory-labs/Saas-Factory,-35.11999999999995,-35.11999999999995,
krissen,polleninformation,https://github.com/krissen/polleninformation,26.18885714285716,26.18885714285716,
krissen,pollenprognos-card,https://github.com/krissen/pollenprognos-card,2.2342869759226858,2.2342869759226858,-16.163509583608686
JoshuaDodds,cerbomoticzgx,https://github.com/JoshuaDodds/cerbomoticzgx,42.60319784656798,42.60319784656798,44.674858486508214
oven-sh,bun,https://github.com/oven-sh/bun,0.0,,
xuyecan,alfred-chathub,https://github.com/xuyecan/alfred-chathub,40.574615384615385,40.574615384615385,50.996266616314216
thirdweb-dev,js,https://github.com/thirdweb-dev/js,37.79262940499845,37.79262940499845,47.57404135338348
netidx,netidx,https://github.com/netidx/netidx,50.52434278350515,50.52434278350515,41.00204198473284
MCPJam,inspector,https://github.com/MCPJam/inspector,49.98710622710624,49.98710622710624,61.133340874811466
swarmauri,swarmauri-sdk,https://github.com/swarmauri/swarmauri-sdk,24.75723987854252,24.75723987854252,18.636538461538493
t3-sh,cloudcredits.io,https://github.com/t3-sh/cloudcredits.io,29.04991948093124,29.049919480931237,29.295543692167627
coder13,Competitor-groups,https://github.com/coder13/Competitor-groups,44.161034731448126,44.161034731448126,47.700296449704155
occipital,django-content-settings,https://github.com/occipital/django-content-settings,39.37625000000003,39.37625000000003,
elizaOS,eliza,https://github.com/elizaOS/eliza,50.28609195402299,50.28609195402299,57.409894179894195
elizaOS,autonomous-starter,https://github.com/elizaOS/autonomous-starter,44.71134920634924,44.71134920634924,45.92221480582526
ezyang,scubaduck,https://github.com/ezyang/scubaduck,53.12534246575342,53.12534246575342,55.29791666666668
XAI-liacs,LLaMEA,https://github.com/XAI-liacs/LLaMEA,51.18486024844722,51.18486024844722,49.193076923076944
anyproto,anytype-ts,https://github.com/anyproto/anytype-ts,-15.977888446215104,-15.977888446215104,4.741764214046867
pardeike,Harmony,https://github.com/pardeike/Harmony,58.89405251141554,58.89405251141554,
tcheeric,nostr-java,https://github.com/tcheeric/nostr-java,-132.64616653973087,-132.64616653973087,-112.57672727272723
gldc,mcp-postgres,https://github.com/gldc/mcp-postgres,40.90965116279071,40.90965116279071,37.62146493212674
thegrumpys,odop,https://github.com/thegrumpys/odop,48.33191176470589,48.33191176470589,48.41655423178091
ChristianKleineidam,logging_to_logcat,https://github.com/ChristianKleineidam/logging_to_logcat,35.0346428571429,35.0346428571429,
larinam,vacal,https://github.com/larinam/vacal,16.746052631578948,16.746052631578948,18.602232331781664
WorkflowAI,WorkflowAI,https://github.com/WorkflowAI/WorkflowAI,58.81753490870034,58.81753490870034,53.030801338770516
MasterOfBinary,gobatch,https://github.com/MasterOfBinary/gobatch,8.355785714285759,8.355785714285759,-8.063571428571407
daohoangson,flutter_widget_from_html,https://github.com/daohoangson/flutter_widget_from_html,29.42673913043481,29.42673913043481,40.54214220183488
PV-Bhat,vibe-check-mcp-server,https://github.com/PV-Bhat/vibe-check-mcp-server,30.36410377358493,30.36410377358493,14.83035749506908
tecnomanu,agent-rules-kit,https://github.com/tecnomanu/agent-rules-kit,25.025242424242464,25.025242424242464,2.4886231393775518
AlphaGit,worklogger,https://github.com/AlphaGit/worklogger,38.12400265816058,38.12400265816058,49.02538461538464
moorestech,moorestech,https://github.com/moorestech/moorestech,21.96038461538464,21.96038461538464,83.93167910447762
moorestech,mooreseditor,https://github.com/moorestech/mooreseditor,67.67299319727894,67.67299319727894,118.24975980219006
mkht,PSOpenAI,https://github.com/mkht/PSOpenAI,46.46884615384616,46.46884615384616,24.72750000000002
gardener,dashboard,https://github.com/gardener/dashboard,28.277678571428623,28.277678571428623,
nalamap,nalamap,https://github.com/nalamap/nalamap,35.39744935308141,35.39744935308141,31.938203266787667
ydb-platform,ydb-embedded-ui,https://github.com/ydb-platform/ydb-embedded-ui,19.77346846846848,19.77346846846848,6.175567345480545
ydb-platform,ydb,https://github.com/ydb-platform/ydb,26.647857142857163,26.647857142857163,19.304440559440565
TanStack,router,https://github.com/TanStack/router,2.758272050530138,2.758272050530138,-31.749999014001162
EternisAI,enchanted-twin,https://github.com/EternisAI/enchanted-twin,47.59642857142859,47.59642857142859,46.57950082024843
impact-space,app,https://github.com/impact-space/app,39.2307302035359,39.2307302035359,36.466462346760096
NEXL-LTS,odata_duty-ruby,https://github.com/NEXL-LTS/odata_duty-ruby,55.19137500000002,55.19137500000002,
thrasher-,gocryptotrader,https://github.com/thrasher-/gocryptotrader,-23.359999999999985,-23.359999999999985,
SoftFever,OrcaSlicer,https://github.com/SoftFever/OrcaSlicer,39.494465473145794,39.494465473145794,38.97683649289104
morooka-akira,aicm,https://github.com/morooka-akira/aicm,46.87712121212124,46.87712121212124,51.46567510548526
langchain-ai,langgraph,https://github.com/langchain-ai/langgraph,36.61366666666669,36.61366666666669,39.47742537313434
langchain-ai,langchain,https://github.com/langchain-ai/langchain,16.6314315789474,16.6314315789474,18.32212582625121
langchain-ai,open-agent-platform,https://github.com/langchain-ai/open-agent-platform,26.568640203008897,26.568640203008897,20.90500000000003
langchain-ai,agents-from-scratch,https://github.com/langchain-ai/agents-from-scratch,5.432184873949609,5.432184873949609,-10.06818452380952
StockSharp,AlgoTrading,https://github.com/StockSharp/AlgoTrading,76.52051612903229,76.52051612903229,98.36815900056787
JuliaLang,julia,https://github.com/JuliaLang/julia,55.908760504201695,55.908760504201695,55.19831355932206
MrLightspeed,Bad-Idea-AI,https://github.com/MrLightspeed/Bad-Idea-AI,22.14500000000001,22.14500000000001,
Tenosiey,Murmer,https://github.com/Tenosiey/Murmer,29.34749958159,29.34749958159,27.31538766738305
rosssaunders,ccrxt,https://github.com/rosssaunders/ccrxt,-119.06964912280696,-119.06964912280696,-59.68082116788318
AI-Escape,open-ice,https://github.com/AI-Escape/open-ice,40.05052631578951,40.05052631578951,19.45039128895189
arthurhenrique,cookiecutter-fastapi,https://github.com/arthurhenrique/cookiecutter-fastapi,38.83558558558559,38.83558558558559,
Rello,audioplayer,https://github.com/Rello/audioplayer,39.55500000000001,39.55500000000001,40.02051910828027
Rello,analytics,https://github.com/Rello/analytics,34.908760683760704,34.908760683760704,40.59933333333336
Benzo-Fury,Unionize,https://github.com/Benzo-Fury/Unionize,40.27900584795324,40.27900584795324,45.151823529411786
webgptorg,promptbook,https://github.com/webgptorg/promptbook,49.79932673267328,49.79932673267328,43.72268886043537
adamlonsdale,hass-livoltek,https://github.com/adamlonsdale/hass-livoltek,39.6544155844156,39.6544155844156,
triggerdotdev,trigger.dev,https://github.com/triggerdotdev/trigger.dev,53.936443991097946,53.936443991097946,55.4593054096639
herbie-fp,herbie,https://github.com/herbie-fp/herbie,57.54060483870967,57.54060483870967,56.693743315508016
Djobleezy,DeepSea-Dashboard,https://github.com/Djobleezy/DeepSea-Dashboard,46.4391165413534,46.4391165413534,44.850304247990834
daichan132,Youtube-Live-Chat-Fullscreen,https://github.com/daichan132/Youtube-Live-Chat-Fullscreen,52.29753012048195,52.29753012048195,-176.96759717314478
jxnl,blog,https://github.com/jxnl/blog,29.748146853146864,29.748146853146864,17.769500000000022
triblespace,tribles-rust,https://github.com/triblespace/tribles-rust,39.88818181818184,39.888181818181835,40.25270745333154
SimonHalvdansson,Harmonic-HN,https://github.com/SimonHalvdansson/Harmonic-HN,65.78438349514565,65.78438349514565,62.15869471413163
Agoric,agoric-sdk,https://github.com/Agoric/agoric-sdk,44.70529032258065,44.70529032258065,48.610449029126244
unsend-dev,unsend,https://github.com/unsend-dev/unsend,42.476889400921664,42.476889400921664,55.50871271585558
PlantSimulationLab,Helios,https://github.com/PlantSimulationLab/Helios,41.35361134479032,41.35361134479032,37.61311101295644
divideprojects,Alita_Robot,https://github.com/divideprojects/Alita_Robot,44.84299206486117,44.842992064861164,36.878798572561465
zmandel,demosite_appscript,https://github.com/zmandel/demosite_appscript,36.39198019801981,36.39198019801981,29.14741071428574
pazzazzo,E-Motion,https://github.com/pazzazzo/E-Motion,43.27569230769234,43.27569230769234,39.97356677018635
project-numina,kimina-lean-server,https://github.com/project-numina/kimina-lean-server,44.10004257907545,44.10004257907545,-4.045492957746461
Alhem-Software-AB,CppSocketsLibrary,https://github.com/Alhem-Software-AB/CppSocketsLibrary,46.75653207964604,46.756532079646036,45.004907081868424
Azure,azqr,https://github.com/Azure/azqr,22.42802125506074,22.42802125506074,20.045996677740902
Azure,azure-sdk-for-rust,https://github.com/Azure/azure-sdk-for-rust,17.67833378046913,17.67833378046913,-7.9496707838038105
Azure,terraform-azurerm-avm-ptn-virtualwan,https://github.com/Azure/terraform-azurerm-avm-ptn-virtualwan,-1.46605882352938,-1.46605882352938,-25.143289655172396
Azure,terraform-azurerm-avm-res-app-managedenvironment,https://github.com/Azure/terraform-azurerm-avm-res-app-managedenvironment,-1.46605882352938,-1.46605882352938,-25.143289655172396
Azure,terraform-azurerm-avm-res-authorization-roleassignment,https://github.com/Azure/terraform-azurerm-avm-res-authorization-roleassignment,-1.46605882352938,-1.46605882352938,-25.143289655172396
Azure,terraform-azurerm-avm-res-keyvault-vault,https://github.com/Azure/terraform-azurerm-avm-res-keyvault-vault,-1.46605882352938,-1.46605882352938,-25.143289655172396
Azure,co-op-translator,https://github.com/Azure/co-op-translator,27.82236016572952,27.82236016572952,14.321455888744055
Azure,terraform-azurerm-avm-ptn-alz-management,https://github.com/Azure/terraform-azurerm-avm-ptn-alz-management,-1.46605882352938,-1.46605882352938,-25.143289655172396
Azure,terraform-azurerm-avm-res-documentdb-databaseaccount,https://github.com/Azure/terraform-azurerm-avm-res-documentdb-databaseaccount,-1.46605882352938,-1.46605882352938,-25.143289655172396
Azure,terraform-azurerm-avm-res-databricks-workspace,https://github.com/Azure/terraform-azurerm-avm-res-databricks-workspace,-1.46605882352938,-1.46605882352938,-25.143289655172396
teknokomo,universo-platformo-react,https://github.com/teknokomo/universo-platformo-react,41.35222778473093,41.35222778473093,45.788548387096796
IlyaKuprov,Spinach,https://github.com/IlyaKuprov/Spinach,35.73336988775645,35.73336988775645,36.75159570217747
pranaygp,vscode-css-peek,https://github.com/pranaygp/vscode-css-peek,40.2504104477612,40.2504104477612,38.27310251798565
orbitinghail,graft,https://github.com/orbitinghail/graft,0.0,,
TzJ2006,desktop-video-for-mac,https://github.com/TzJ2006/desktop-video-for-mac,41.32352416602444,41.32352416602444,40.006224489795926
taylorai,lm-deluge,https://github.com/taylorai/lm-deluge,75.74621468926554,75.74621468926554,73.85896174863392
figmentapp,figment,https://github.com/figmentapp/figment,37.41882994319224,37.418829943192236,41.17693570451439
tinygrad,tinygrad,https://github.com/tinygrad/tinygrad,50.61729946524065,50.61729946524065,47.02217122683143
ibis-ssl,crane,https://github.com/ibis-ssl/crane,53.14861111111114,53.14861111111114,75.353968373494
Azure-Samples,rag-postgres-openai-python,https://github.com/Azure-Samples/rag-postgres-openai-python,34.561721698113246,34.561721698113246,33.412814159292054
Azure-Samples,azure-search-openai-demo,https://github.com/Azure-Samples/azure-search-openai-demo,40.252673991519146,40.252673991519146,43.0110782801504
Azure-Samples,serverless-chat-langchainjs,https://github.com/Azure-Samples/serverless-chat-langchainjs,18.400937500000023,18.400937500000026,-17.217901498929308
Azure-Samples,azure-ai-travel-agents,https://github.com/Azure-Samples/azure-ai-travel-agents,-2.9828975862846505,-2.9828975862846505,-23.27474845336755
Azure-Samples,aisearch-openai-rag-audio,https://github.com/Azure-Samples/aisearch-openai-rag-audio,20.03321103238869,20.033211032388692,9.608299080379936
DaRacci,nix-config,https://github.com/DaRacci/nix-config,43.57454545454547,43.57454545454547,47.490345251091725
zwave-js,zwave-js,https://github.com/zwave-js/zwave-js,-386.3799999999999,-386.3799999999999,
alexlwn123,LastPayWins,https://github.com/alexlwn123/LastPayWins,30.447750000000013,30.447750000000013,-115.30611111111108
Comfy-Org,ComfyUI_frontend,https://github.com/Comfy-Org/ComfyUI_frontend,45.2839772727273,45.2839772727273,54.46480612458197
ashione,vertex,https://github.com/ashione/vertex,59.67116366366369,59.67116366366369,-0.9832293926247075
angular-eslint,angular-eslint,https://github.com/angular-eslint/angular-eslint,41.9269555555556,41.926955555555594,33.28828793774318
MaximiliumM,appearancemenumod,https://github.com/MaximiliumM/appearancemenumod,42.30519607843138,42.30519607843138,46.379115646258555
ephur,terraform-worker,https://github.com/ephur/terraform-worker,41.46547518796993,41.46547518796993,41.41309582309586
pattty847,Trade-Suite-v2,https://github.com/pattty847/Trade-Suite-v2,19.33824508824509,19.33824508824509,20.604909994767155
Helicone,helicone,https://github.com/Helicone/helicone,35.647004608294964,35.647004608294964,35.646411141804805
hu-po,tatbot,https://github.com/hu-po/tatbot,47.01037963214642,47.010379632146424,56.68821428571431
willccbb,verifiers,https://github.com/willccbb/verifiers,15.315080786026217,15.315080786026215,5.2383050346965945
xpinjection,test-driven-spring-boot,https://github.com/xpinjection/test-driven-spring-boot,54.5136805555556,54.513680555555595,
cklukas,todo,https://github.com/cklukas/todo,61.93625000000003,61.93625000000003,
suho,BluffXcodes,https://github.com/suho/BluffXcodes,38.65687871174055,38.656878711740546,35.0346428571429
ecp4224,Sharp2D,https://github.com/ecp4224/Sharp2D,50.66918879056047,50.66918879056047,51.7772279852467
giorgosart,react-easy-edit,https://github.com/giorgosart/react-easy-edit,57.02594373865699,57.02594373865699,58.607184185149464
public-ui,kolibri,https://github.com/public-ui/kolibri,49.850267633119614,49.850267633119614,50.03021671209845
KristopherKubicki,glimpser,https://github.com/KristopherKubicki/glimpser,68.91076923076923,68.91076923076923,
BernardinD,PhotoWordFind,https://github.com/BernardinD/PhotoWordFind,39.42189473684212,39.42189473684212,32.57519157088126
Zaki-1052,GPTPortal,https://github.com/Zaki-1052/GPTPortal,37.025947955390365,37.025947955390365,37.76669280114044
liam-hq,liam,https://github.com/liam-hq/liam,53.221028606208165,53.221028606208165,65.26820707395498
faddat,aura,https://github.com/faddat/aura,57.47732926829269,57.47732926829269,58.87027439024391
RSSNext,Folo,https://github.com/RSSNext/Folo,22.66496088749824,22.66496088749824,38.735590994371506
ragnarok22,telegram-bot-api-docker,https://github.com/ragnarok22/telegram-bot-api-docker,38.80818181818182,38.80818181818182,41.114685377418965
ragnarok22,gsmart,https://github.com/ragnarok22/gsmart,37.66501243781096,37.66501243781096,39.544411546216736
microsoft,poml,https://github.com/microsoft/poml,35.22802631578949,35.22802631578949,42.136931818181836
microsoft,mcp-for-beginners,https://github.com/microsoft/mcp-for-beginners,7.657419636316632,7.657419636316632,3.4186873693177517
microsoft,generative-ai-with-javascript,https://github.com/microsoft/generative-ai-with-javascript,17.125209703947405,17.125209703947405,3.578438601597668
microsoft,mcp-dotnet-samples,https://github.com/microsoft/mcp-dotnet-samples,-11.059763610315144,-11.059763610315144,-35.93163793103446
microsoft,vscode-mssql,https://github.com/microsoft/vscode-mssql,28.727640695701385,28.727640695701382,24.747915181753427
microsoft,ai-agents-for-beginners,https://github.com/microsoft/ai-agents-for-beginners,17.348945440524403,17.348945440524403,-3.9657517780007936
microsoft,mcp,https://github.com/microsoft/mcp,2.877615090899269,2.877615090899269,-31.778215172276788
microsoft,Web-Dev-For-Beginners,https://github.com/microsoft/Web-Dev-For-Beginners,7.1660084033613884,7.1660084033613884,-15.235027085590474
prebid,Prebid.js,https://github.com/prebid/Prebid.js,63.38200989208633,63.38200989208633,58.655374604520716
prebid,prebid.github.io,https://github.com/prebid/prebid.github.io,49.64713178294576,49.64713178294576,
rocketship-ai,rocketship,https://github.com/rocketship-ai/rocketship,26.07451904398215,26.07451904398215,21.888522193868056
maplibre,maputnik,https://github.com/maplibre/maputnik,56.447982456140366,56.447982456140366,
myriade-ai,myriade,https://github.com/myriade-ai/myriade,42.33046114145918,42.33046114145918,43.1992733990148
yosshi4486,EmojiPickerViewController,https://github.com/yosshi4486/EmojiPickerViewController,117.16000000000004,117.16000000000003,
gfhdhytghd,OQQWall,https://github.com/gfhdhytghd/OQQWall,48.20863636363637,48.20863636363637,49.27732989690722
t-kalinowski,quickr,https://github.com/t-kalinowski/quickr,72.86831395348841,72.86831395348841,
rsmp-nordic,rsmp_validator,https://github.com/rsmp-nordic/rsmp_validator,54.43412447257384,54.43412447257384,55.81496611445786
CitizensFoundation,your-priorities-app,https://github.com/CitizensFoundation/your-priorities-app,36.28250000000003,36.28250000000003,
CitizensFoundation,policy-synth,https://github.com/CitizensFoundation/policy-synth,36.1605263157895,36.1605263157895,
Gumball12,yuki-no,https://github.com/Gumball12/yuki-no,28.371923274313616,28.371923274313616,21.48204545454547
konsultaner,connectanum-dart,https://github.com/konsultaner/connectanum-dart,74.72114152892563,74.72114152892563,65.40880853994493
brandon-schabel,Promptliano,https://github.com/brandon-schabel/Promptliano,48.2783241970815,48.2783241970815,42.596659675728006
seasonedcc,remix-forms,https://github.com/seasonedcc/remix-forms,61.07278947368423,61.072789473684225,59.88470572534368
hivesolutions,appier,https://github.com/hivesolutions/appier,39.21967532467536,39.219675324675364,39.711910197869145
0x80,isolate-package,https://github.com/0x80/isolate-package,7.38019230769234,7.38019230769234,-21.557736842105243
dingdayu,vue-copilotkit,https://github.com/dingdayu/vue-copilotkit,46.80996890788964,46.80996890788964,47.940164835164865
rsyslog,rsyslog,https://github.com/rsyslog/rsyslog,34.568687082449514,34.568687082449514,27.629445166003734
intellij-solidity,intellij-solidity,https://github.com/intellij-solidity/intellij-solidity,32.71912124060154,32.71912124060154,29.37195491643996
safe-global,safe-wallet-monorepo,https://github.com/safe-global/safe-wallet-monorepo,31.904594314096187,31.904594314096187,37.08883323295191
cablehead,xs,https://github.com/cablehead/xs,53.973088235294114,53.973088235294114,56.302818181818196
cablehead,how-to-embed-nu,https://github.com/cablehead/how-to-embed-nu,52.94174242424245,52.94174242424245,
jgoos,home-lab-as-code,https://github.com/jgoos/home-lab-as-code,27.609431818181832,27.609431818181832,33.36907297486036
NB-Core,lotgd,https://github.com/NB-Core/lotgd,37.57156447784814,37.57156447784814,40.9419711471287
theopenco,llmgateway,https://github.com/theopenco/llmgateway,18.578473684210564,18.578473684210564,-21.469594594594554
Effect-TS,effect-smol,https://github.com/Effect-TS/effect-smol,7.510164223620592,7.510164223620592,-36.955911241744644
vinceglb,FileKit,https://github.com/vinceglb/FileKit,25.20266136801544,25.20266136801544,16.2253784530387
Significant-Gravitas,AutoGPT,https://github.com/Significant-Gravitas/AutoGPT,22.453097079037803,22.453097079037803,45.75255787690571
ScanR,TypeR,https://github.com/ScanR/TypeR,40.702044072948325,40.702044072948325,46.65112662730854
frequency-chain,frequency,https://github.com/frequency-chain/frequency,59.42187500000003,59.42187500000003,58.50187500000001
TrevorS,rhizome,https://github.com/TrevorS/rhizome,39.27503289473685,39.27503289473685,35.020388349514576
BretJohnson,hot-preview,https://github.com/BretJohnson/hot-preview,4.993750000000006,4.993750000000006,-13.833636363636373
MakePrisms,boardwalkcash,https://github.com/MakePrisms/boardwalkcash,17.689625537139364,17.689625537139364,11.56358214849925
towns-protocol,towns,https://github.com/towns-protocol/towns,14.755925925925965,14.755925925925965,2.417366371681453
MontrealAI,AGI-Alpha-Agent-v0,https://github.com/MontrealAI/AGI-Alpha-Agent-v0,36.9086891903207,36.9086891903207,37.51564095732573
mythal,boluo,https://github.com/mythal/boluo,52.94522066643037,52.94522066643037,54.31859848484848
MooncellWiki,torappu,https://github.com/MooncellWiki/torappu,15.16651944498733,15.16651944498733,10.105849457291214
EduardoPires,EquinoxProject,https://github.com/EduardoPires/EquinoxProject,28.68414285714286,28.68414285714286,22.49573241061131
AodhanHayter,opencode-flake,https://github.com/AodhanHayter/opencode-flake,28.898863636363643,28.898863636363643,6.632454873646225
567-labs,systematically-improving-rag,https://github.com/567-labs/systematically-improving-rag,37.577885458531256,37.577885458531256,41.75582518063817
zoedolan,Vybn,https://github.com/zoedolan/Vybn,16.86393981951619,16.86393981951619,21.59812378516628
elgentos,magento2-playwright,https://github.com/elgentos/magento2-playwright,56.09100000000001,56.09100000000001,
MoonLadderStudios,MoonMind,https://github.com/MoonLadderStudios/MoonMind,28.7519827586207,28.7519827586207,-9.24301886792449
bourumir-wyngs,serde-yaml-bw,https://github.com/bourumir-wyngs/serde-yaml-bw,68.03937948207174,68.03937948207174,69.49600632411068
BerriAI,litellm,https://github.com/BerriAI/litellm,-5.482728953356059,-5.482728953356059,-8.162513572204062
dowhiledev,nomos,https://github.com/dowhiledev/nomos,53.68870756851899,53.68870756851899,49.82039029712945
lempiji,openai-d,https://github.com/lempiji/openai-d,40.61458333333337,40.61458333333337,42.19709306144975
andorthehood,my-static-websites,https://github.com/andorthehood/my-static-websites,43.71943717277489,43.71943717277489,42.716285272516444
opgginc,laravel-mcp-server,https://github.com/opgginc/laravel-mcp-server,-6.389757739938062,-6.389757739938062,-15.204569556151284
jaye773,youtube-summarizer,https://github.com/jaye773/youtube-summarizer,48.14024247491639,48.14024247491639,44.95213584288055
whiteducksoftware,flock,https://github.com/whiteducksoftware/flock,16.069918002315518,16.069918002315518,11.72299297755282
wvlet,wvlet,https://github.com/wvlet/wvlet,56.545578569455984,56.545578569455984,54.42727865451582
antoniusnaumann,galvan-lang,https://github.com/antoniusnaumann/galvan-lang,16.889677419354882,16.889677419354882,-47.18090521831732
vanities,swiftchan,https://github.com/vanities/swiftchan,37.97153846153847,37.97153846153847,42.55583333333334
cubicdaiya,nginx-build,https://github.com/cubicdaiya/nginx-build,40.71358435681967,40.713584356819666,35.817183235867475
Maximooch,penguin,https://github.com/Maximooch/penguin,54.084442996742695,54.084442996742695,52.99962352941179
go-vikunja,vikunja,https://github.com/go-vikunja/vikunja,22.632017002605263,22.632017002605266,19.122941926706943
quickfeed,quickfeed,https://github.com/quickfeed/quickfeed,35.877532034632054,35.877532034632054,34.997118205349466
ESPresense,ESPresense,https://github.com/ESPresense/ESPresense,61.69642857142858,61.696428571428584,
ESPresense,ESPresense-companion,https://github.com/ESPresense/ESPresense-companion,47.27223943661974,47.27223943661974,61.099861788617915
criteria-dev,gac,https://github.com/criteria-dev/gac,39.215142857142894,39.215142857142894,24.803815849227988
shinshin86,aituber-onair,https://github.com/shinshin86/aituber-onair,36.80875,36.80875,44.63968781470294
IntelliTect,Coalesce,https://github.com/IntelliTect/Coalesce,43.20023627362738,43.20023627362738,41.67130896226416
CIRISAI,CIRISAgent,https://github.com/CIRISAI/CIRISAgent,40.346002231455856,40.346002231455856,31.710710273255273
konturio,live-sensors-app,https://github.com/konturio/live-sensors-app,59.09241697830524,59.09241697830524,55.67583965735312
konturio,disaster-ninja-fe,https://github.com/konturio/disaster-ninja-fe,59.09241697830524,59.09241697830524,55.67583965735312
konturio,disaster-ninja-be,https://github.com/konturio/disaster-ninja-be,59.09241697830524,59.09241697830524,55.67583965735312
konturio,disaster-ninja-cd,https://github.com/konturio/disaster-ninja-cd,59.09241697830524,59.09241697830524,55.67583965735312
konturio,geocint-runner,https://github.com/konturio/geocint-runner,59.09241697830524,59.09241697830524,55.67583965735312
jcputney,scorm-again,https://github.com/jcputney/scorm-again,43.56882119935824,43.56882119935824,48.017307692307696
EdgeApp,edge-react-gui,https://github.com/EdgeApp/edge-react-gui,5.956087824351329,5.956087824351329,-56.037758620689615
diegozea,MIToS.jl,https://github.com/diegozea/MIToS.jl,64.36530490345885,64.36530490345885,56.60476526257193
Perdolique,perd,https://github.com/Perdolique/perd,49.98772727272728,49.987727272727284,48.70951048951048
MihaiCristianCondrea,Smart-Cleaner-for-Android,https://github.com/MihaiCristianCondrea/Smart-Cleaner-for-Android,17.92856037151705,17.92856037151705,37.5535747303544
MihaiCristianCondrea,com.d4rk.englishwithlidia.plus,https://github.com/MihaiCristianCondrea/com.d4rk.englishwithlidia.plus,15.383157894736884,15.383157894736883,36.535909090909115
MihaiCristianCondrea,Android-Studio-Tutorials-Java-Edition,https://github.com/MihaiCristianCondrea/Android-Studio-Tutorials-Java-Edition,28.334166666666675,28.334166666666675,41.123674284140975
MihaiCristianCondrea,com.d4rk.qrcodescanner.plus,https://github.com/MihaiCristianCondrea/com.d4rk.qrcodescanner.plus,30.134166666666687,30.134166666666687,38.66332539237672
anirul,Frame,https://github.com/anirul/Frame,36.42277238403455,36.422772384034545,34.44932652210176
EricLBuehler,mistral.rs,https://github.com/EricLBuehler/mistral.rs,32.78923901335634,32.78923901335634,29.884965034965063
dave1010,ceo-bench,https://github.com/dave1010/ceo-bench,77.97034090909092,77.97034090909092,
dave1010,wardley-leadership-strategies,https://github.com/dave1010/wardley-leadership-strategies,66.53062312312315,66.53062312312315,67.52350031407036
Shelf-nu,shelf.nu,https://github.com/Shelf-nu/shelf.nu,28.45365158371041,28.45365158371041,28.313135504201682
bldrs-ai,conway,https://github.com/bldrs-ai/conway,77.2897496087637,77.2897496087637,
bldrs-ai,Share,https://github.com/bldrs-ai/Share,15.37663910828968,15.37663910828968,-7.330125934080542
getsentry,sentry-mcp,https://github.com/getsentry/sentry-mcp,24.290945003171142,24.290945003171146,24.989662942271934
amplitude,Amplitude-TypeScript,https://github.com/amplitude/Amplitude-TypeScript,44.982592039801006,44.982592039801006,53.83437953263498
cartography-cncf,cartography,https://github.com/cartography-cncf/cartography,19.63306043024193,19.633060430241926,17.400735295924534
python-wheel-build,fromager,https://github.com/python-wheel-build/fromager,-0.319121951219472,-0.31912195121947207,-106.51288461538459
commonwarexyz,monorepo,https://github.com/commonwarexyz/monorepo,16.486085455959568,16.486085455959568,8.960703371970538
rgerhards,rsyslog,https://github.com/rgerhards/rsyslog,34.568687082449514,34.568687082449514,27.629445166003734
r3-yamauchi,kintone-mcp-server,https://github.com/r3-yamauchi/kintone-mcp-server,63.85773806970511,63.85773806970511,82.87487771203156
DragonJAR,DVVCA,https://github.com/DragonJAR/DVVCA,37.77000000000001,37.77000000000001,
web-infra-dev,rspack,https://github.com/web-infra-dev/rspack,21.121055900621144,21.121055900621144,11.015666666666704
BarthPaleologue,CosmosJourneyer,https://github.com/BarthPaleologue/CosmosJourneyer,36.31278797696186,36.31278797696186,31.82142784293731
oxc-project,oxc,https://github.com/oxc-project/oxc,-3.978265201760337,-3.978265201760337,-10.617480237154126
featureform,enrichmcp,https://github.com/featureform/enrichmcp,10.126413806063653,10.126413806063653,28.397856244101945
WizardOfMenlo,stir-whir-scripts,https://github.com/WizardOfMenlo/stir-whir-scripts,34.140266792215954,34.140266792215954,46.6598347826087
moonbitlang,core,https://github.com/moonbitlang/core,68.41591432519579,68.41591432519579,57.85330971000326
moonbitlang,llvm.mbt,https://github.com/moonbitlang/llvm.mbt,70.80000000000003,70.80000000000003,
nwamsley1,Pioneer.jl,https://github.com/nwamsley1/Pioneer.jl,43.85166666666669,43.85166666666669,41.943338800374875
sakaiproject,sakai,https://github.com/sakaiproject/sakai,13.72227272727278,13.722272727272781,-3.9155774748923875
Wroud,foundation,https://github.com/Wroud/foundation,63.77507246376814,63.77507246376814,67.06255952380954
PaloAltoNetworks,docusaurus-openapi-docs,https://github.com/PaloAltoNetworks/docusaurus-openapi-docs,41.07586079849949,41.07586079849949,39.04810113519093
PaloAltoNetworks,pan.dev,https://github.com/PaloAltoNetworks/pan.dev,34.322227888381235,34.322227888381235,43.215836799137406
Mickey-snow,SuperEngine,https://github.com/Mickey-snow/SuperEngine,46.97727617079889,46.97727617079889,44.33034090909092
kesslerio,attio-mcp-server,https://github.com/kesslerio/attio-mcp-server,0.0,,
h1ddenpr0cess20,ollamarama-irc,https://github.com/h1ddenpr0cess20/ollamarama-irc,34.23901844532281,34.23901844532281,32.53197916666667
h1ddenpr0cess20,ollamarama-matrix,https://github.com/h1ddenpr0cess20/ollamarama-matrix,30.689379276637368,30.689379276637368,30.35270019691501
marin-community,marin,https://github.com/marin-community/marin,44.303543933054414,44.303543933054414,43.153296689723334
julep-ai,steadytext,https://github.com/julep-ai/steadytext,0.0,,
julep-ai,julep,https://github.com/julep-ai/julep,31.766999894649985,31.766999894649985,33.802997886502794
recallnet,js-recall,https://github.com/recallnet/js-recall,6.004653768187239,6.004653768187239,5.630750528541228
swiknaba,kirei,https://github.com/swiknaba/kirei,11.27382584269668,11.27382584269668,-11.870589803754228
streamnative,streamnative-mcp-server,https://github.com/streamnative/streamnative-mcp-server,50.97770706190062,50.97770706190062,58.86237229102167
charlesvestal,extending-move,https://github.com/charlesvestal/extending-move,35.816834319526635,35.816834319526635,29.667134052388292
anderssv,kotlin-htmx,https://github.com/anderssv/kotlin-htmx,41.31993396999499,41.31993396999499,37.696470588235314
popstas,scad-models,https://github.com/popstas/scad-models,45.15590909090912,45.15590909090912,44.463506493506515
popstas,windows-mqtt,https://github.com/popstas/windows-mqtt,48.11818181818185,48.11818181818185,52.92595954073266
g1331,xiaomai-bot,https://github.com/g1331/xiaomai-bot,62.87363636363639,62.87363636363639,47.61084302325581
TextGeneratorio,text-generator.io,https://github.com/TextGeneratorio/text-generator.io,59.06833333333333,59.06833333333333,
gitkraken,vscode-gitlens,https://github.com/gitkraken/vscode-gitlens,7.267265462211697,7.267265462211697,-1.646056730611548
mirage335-colossus,ubiquitous_bash,https://github.com/mirage335-colossus/ubiquitous_bash,16.854655701765807,16.854655701765807,13.80719943019946
minio,pkg,https://github.com/minio/pkg,40.332228260869584,40.332228260869584,35.82964426877473
dagster-io,mdsfest-opensource-mds,https://github.com/dagster-io/mdsfest-opensource-mds,26.745302419354857,26.745302419354857,23.13421728971963
tambo-ai,tambo,https://github.com/tambo-ai/tambo,33.285644224196886,33.285644224196886,29.405895627644583
biolink,biolink-model,https://github.com/biolink/biolink-model,37.54229096989968,37.54229096989968,21.937055412371137
stanford-crfm,levanter,https://github.com/stanford-crfm/levanter,46.132884136212624,46.132884136212624,43.824405799530695
stanford-crfm,haliax,https://github.com/stanford-crfm/haliax,43.016920801840286,43.016920801840286,44.93008420598082
ryoppippi,ccusage,https://github.com/ryoppippi/ccusage,0.0,,
zenml-io,zenml,https://github.com/zenml-io/zenml,14.559211027823665,14.559211027823665,6.733181944831443
marclove,llmc,https://github.com/marclove/llmc,15.743538584276225,15.743538584276223,-34.54026371308012
Frankiey,codex,https://github.com/Frankiey/codex,54.64386491557224,54.64386491557224,52.15599025974029
JoeDupuis,summoncircle,https://github.com/JoeDupuis/summoncircle,54.9339411764706,54.9339411764706,50.93052631578948
cybrota,whispr,https://github.com/cybrota/whispr,42.03666666666666,42.03666666666666,51.73262267343486
cybrota,scharf,https://github.com/cybrota/scharf,41.42982972136224,41.42982972136224,50.049240576496686
saleor,saleor,https://github.com/saleor/saleor,32.324388185654044,32.324388185654044,
saleor,apps,https://github.com/saleor/apps,27.24588235294121,27.24588235294121,13.693137908061317
gronxb,hot-updater,https://github.com/gronxb/hot-updater,47.15401867591146,47.15401867591146,60.88298969072167
mkwatson,ai-fastify-template,https://github.com/mkwatson/ai-fastify-template,18.674538616441623,18.674538616441623,13.528916256157657
Slashmsu,TSDataStructure,https://github.com/Slashmsu/TSDataStructure,64.97721153846155,64.97721153846155,66.5781722689076
mixpanel,mixpanel-android,https://github.com/mixpanel/mixpanel-android,18.457948434512417,18.457948434512417,18.04030239501941
bruin-data,bruin,https://github.com/bruin-data/bruin,7.338023170132629,7.3380231701326295,0.7307373737373837
epicweb-dev,epicshop,https://github.com/epicweb-dev/epicshop,48.60544520547947,48.60544520547947,41.250776797829076
obi1kenobi,cargo-semver-checks,https://github.com/obi1kenobi/cargo-semver-checks,53.2511753608924,53.251175360892404,45.855409984871415
supabase,etl,https://github.com/supabase/etl,54.35652882205517,54.35652882205517,51.0732343205575
dojoengine,torii,https://github.com/dojoengine/torii,49.50037079015544,49.50037079015544,37.61552459839359
shopware,shopware,https://github.com/shopware/shopware,10.473241035856605,10.473241035856603,3.525384615384638
wieslawsoltes,Svg.Skia,https://github.com/wieslawsoltes/Svg.Skia,25.262922340817116,25.262922340817113,15.445000000000022
wieslawsoltes,Xaml.Behaviors,https://github.com/wieslawsoltes/Xaml.Behaviors,62.40452380952382,62.40452380952382,55.45226720647776
wieslawsoltes,Dock,https://github.com/wieslawsoltes/Dock,55.838825549450576,55.838825549450576,54.366338858195235
OpenAgentsInc,openagents,https://github.com/OpenAgentsInc/openagents,50.46766003460209,50.46766003460209,53.462415751502874
DartGit-dev,git2dart,https://github.com/DartGit-dev/git2dart,36.12119960668636,36.12119960668636,44.957496489996515
mikedemarais,granola-ts-client,https://github.com/mikedemarais/granola-ts-client,32.20585964912286,32.20585964912286,28.310487169206112
useautumn,autumn,https://github.com/useautumn/autumn,49.44959949937424,49.449599499374244,48.025323170731724
faros-ai,airbyte-connectors,https://github.com/faros-ai/airbyte-connectors,12.929412297527731,12.929412297527733,0.7707115046599426
biwakonbu,reviewtask,https://github.com/biwakonbu/reviewtask,34.515827024185086,34.515827024185086,33.35212765957448
KarlTDebiec,Scinoephile,https://github.com/KarlTDebiec/Scinoephile,64.46236842105264,64.46236842105264,59.545112044817955
prosekit,prosekit,https://github.com/prosekit/prosekit,34.59000000000003,34.59000000000003,
unclehowell,datro,https://github.com/unclehowell/datro,41.5540198735321,41.5540198735321,51.14447299077736
Netwrck,stable-diffusion-server,https://github.com/Netwrck/stable-diffusion-server,11.206349244016565,11.206349244016565,3.2690068280571154
pezzos,cursor-openrouter-proxy,https://github.com/pezzos/cursor-openrouter-proxy,51.51427884615387,51.51427884615387,48.39784825870649
Vheissu,cortex-device-list,https://github.com/Vheissu/cortex-device-list,54.34235795454549,54.34235795454549,53.655
nodetool-ai,nodetool,https://github.com/nodetool-ai/nodetool,18.555454992967668,18.555454992967668,-6.265733333333344
nirum,jetplot,https://github.com/nirum/jetplot,46.8263391052123,46.8263391052123,40.39589074803152
attach-dev,attach-gateway,https://github.com/attach-dev/attach-gateway,66.21822943722944,66.21822943722944,58.24378048780491
ursisterbtw,ccprompts,https://github.com/ursisterbtw/ccprompts,29.410273906310493,29.410273906310493,-14.26999386503067
bennypowers,cem,https://github.com/bennypowers/cem,63.69500000000001,63.69500000000001,
zauberzeug,nicegui,https://github.com/zauberzeug/nicegui,24.389248356175276,24.389248356175273,25.389463035405527
adobe,helix-website,https://github.com/adobe/helix-website,41.43327922077924,41.43327922077924,36.09013848111178
POW-Software,ByteSync,https://github.com/POW-Software/ByteSync,39.16931950022314,39.16931950022314,31.118375826251196
DougHaber,lair,https://github.com/DougHaber/lair,58.93681693989075,58.93681693989075,56.805432013966424
Dimensionfall,Dimensionfall,https://github.com/Dimensionfall/Dimensionfall,56.66522231909332,56.66522231909332,53.34766715035161
katspaugh,wavesurfer.js,https://github.com/katspaugh/wavesurfer.js,54.826613402061895,54.826613402061895,51.33494117647061
ferrisdb,ferrisdb,https://github.com/ferrisdb/ferrisdb,24.44166077738518,24.44166077738518,36.30184210526318
intellectronica,ruler,https://github.com/intellectronica/ruler,43.80500000000001,43.80500000000001,40.33250000000001
FutureMUD,FutureMUD,https://github.com/FutureMUD/FutureMUD,46.013679309872686,46.013679309872686,44.936781446378944
gindemit,unity-wrapper-vorbis,https://github.com/gindemit/unity-wrapper-vorbis,40.22160919540232,40.22160919540232,37.74006944444446
gindemit,unity-rlottie,https://github.com/gindemit/unity-rlottie,19.17053889704343,19.17053889704343,29.248854829381145
vitejs,vite-plugin-react,https://github.com/vitejs/vite-plugin-react,-29.769999999999985,-29.769999999999982,
bluelibs,runner,https://github.com/bluelibs/runner,57.70563186813189,57.70563186813189,54.64494258805317
arran4,arrans_overlay,https://github.com/arran4/arrans_overlay,23.31377272727275,23.31377272727275,13.889205097087398
arran4,send_to_linkwarden,https://github.com/arran4/send_to_linkwarden,27.777714285714296,27.777714285714296,
scylladb,scylla-cluster-tests,https://github.com/scylladb/scylla-cluster-tests,0.8388279051922609,0.8388279051922609,-33.431495388669276
sooperset,mcp-atlassian,https://github.com/sooperset/mcp-atlassian,34.52421201814062,34.52421201814062,38.04779010238909
hotovo,aider-desk,https://github.com/hotovo/aider-desk,12.767600000000016,12.767600000000016,-14.941999999999979
RostyslavDzhohola,t3-clone,https://github.com/RostyslavDzhohola/t3-clone,48.2195098039216,48.219509803921596,-77.2617449664429
zoonk,zoonk,https://github.com/zoonk/zoonk,15.513373203081583,15.513373203081585,-5.348832352941145
Damecek,force-navigator-reloaded,https://github.com/Damecek/force-navigator-reloaded,54.123293598234,54.123293598234,47.56003495509833
swuecho,chat,https://github.com/swuecho/chat,11.300320610687038,11.300320610687038,-24.989842873176173
MetricsHub,jawk,https://github.com/MetricsHub/jawk,56.49495049504949,56.494950495049494,53.50609311740894
Metta-AI,metta,https://github.com/Metta-AI/metta,40.68626712328768,40.68626712328768,30.087250727802058
sun-yryr,Rec-adio,https://github.com/sun-yryr/Rec-adio,58.22523391812868,58.22523391812868,83.10591048034934
Kanaries,ml,https://github.com/Kanaries/ml,46.25764705882355,46.25764705882355,
joshuadanpeterson,enhanced-dash-mcp,https://github.com/joshuadanpeterson/enhanced-dash-mcp,44.49011166253104,44.490111662531035,29.526410256410287
joshuadanpeterson,typewriter.nvim,https://github.com/joshuadanpeterson/typewriter.nvim,51.54478006872856,51.544780068728556,44.938041237113424
3rdIteration,btcrecover,https://github.com/3rdIteration/btcrecover,21.342727272727306,21.342727272727302,
Trehinos,balanced-ternary,https://github.com/Trehinos/balanced-ternary,46.02083333333334,46.02083333333334,43.22677551020411
blockscout,mcp-server,https://github.com/blockscout/mcp-server,30.9400921446873,30.9400921446873,25.112273425499268
elamperti,OpenWebScrobbler,https://github.com/elamperti/OpenWebScrobbler,45.62454216654905,45.62454216654905,49.303458781362025
ricardoboss,STEP,https://github.com/ricardoboss/STEP,46.54305031446543,46.54305031446543,35.60190727081141
srtab,daiv,https://github.com/srtab/daiv,52.459968652037645,52.459968652037645,46.101428571428585
sgb-io,fta,https://github.com/sgb-io/fta,39.02409090909092,39.024090909090916,36.307747778537276
etchdroid,etchdroid,https://github.com/etchdroid/etchdroid,52.57162605042018,52.57162605042018,54.40854342629484
astronomer,airflow-ai-sdk,https://github.com/astronomer/airflow-ai-sdk,60.70500000000001,60.70500000000001,
astronomer,airflow,https://github.com/astronomer/airflow,14.192250481695597,14.192250481695595,20.320748968581427
BittnerPierre,AI-Agent-Casebook,https://github.com/BittnerPierre/AI-Agent-Casebook,33.713108108108145,33.713108108108145,34.84576000000001
chhoumann,quickadd,https://github.com/chhoumann/quickadd,42.45394245375749,42.45394245375749,39.96126098675734
jscarle,LightResults,https://github.com/jscarle/LightResults,36.23901753986334,36.23901753986334,37.59624487004106
better-together-org,community-engine-rails,https://github.com/better-together-org/community-engine-rails,6.241737170287649,6.241737170287649,5.389831622883918
robertmartin8,KindleClippings,https://github.com/robertmartin8/KindleClippings,44.79521739130436,44.79521739130436,
mendz,youtube-fast-rewind-forward-buttons,https://github.com/mendz/youtube-fast-rewind-forward-buttons,48.303497217068696,48.303497217068696,50.40776301185818
timmo001,system-bridge,https://github.com/timmo001/system-bridge,68.28999999999999,68.28999999999999,
hasadna,open-bus-pipelines,https://github.com/hasadna/open-bus-pipelines,37.35500000000002,37.35500000000002,
autoguru-au,overdrive,https://github.com/autoguru-au/overdrive,-25.265160479505,-25.265160479505,-103.91363771343723
chainstacklabs,pump-fun-bot,https://github.com/chainstacklabs/pump-fun-bot,40.339123518403,40.339123518403,45.566007657500876
proximafusion,vmecpp,https://github.com/proximafusion/vmecpp,3.811635507822899,3.811635507822899,-0.28932978363755524
kargnas,laravel-ai-translator,https://github.com/kargnas/laravel-ai-translator,7.072181690260948,7.072181690260948,-19.051620826592142
distribworks,dkron,https://github.com/distribworks/dkron,12.691211266863462,12.691211266863462,-1.5942857142856894
SokolskyNikita,pdf-to-markdown-cli,https://github.com/SokolskyNikita/pdf-to-markdown-cli,44.35380434782613,44.35380434782613,
jasonjgardner,blockbench-mcp-plugin,https://github.com/jasonjgardner/blockbench-mcp-plugin,54.48435664335665,54.48435664335665,55.862707920792104
sst,opencode,https://github.com/sst/opencode,23.87611111111113,23.87611111111113,-26.045697674418562
acoyfellow,UserDO,https://github.com/acoyfellow/UserDO,-6.27324353083435,-6.27324353083435,-8.685436857562394
FarmBot,Farmbot-Web-App,https://github.com/FarmBot/Farmbot-Web-App,58.701965361445815,58.701965361445815,
giselles-ai,giselle,https://github.com/giselles-ai/giselle,42.13422338568938,42.13422338568938,51.71493506493508
omnistrate-oss,omnistrate-ctl,https://github.com/omnistrate-oss/omnistrate-ctl,-1.1106129032257854,-1.1106129032257854,-35.759583333333296
Tsubashi,m4b-util,https://github.com/Tsubashi/m4b-util,58.28146401985114,58.28146401985114,57.96087147030187
tkellogg,tupac,https://github.com/tkellogg/tupac,32.44899486496769,32.44899486496769,40.28839377953625
DhvanilPatel,what-the-token,https://github.com/DhvanilPatel/what-the-token,47.68880434782611,47.68880434782611,52.30153628560282
anton-prosterity,documentation-search-mcp,https://github.com/anton-prosterity/documentation-search-mcp,25.47168304668307,25.47168304668307,23.792087944664047
ooovenenoso,BadUSB-GPT,https://github.com/ooovenenoso/BadUSB-GPT,25.74981460674161,25.74981460674161,
chainbound,taikoscope,https://github.com/chainbound/taikoscope,36.071345565749255,36.071345565749255,-6.722683615819193
shinnku-nikaidou,shinnku-com,https://github.com/shinnku-nikaidou/shinnku-com,53.69845454545458,53.69845454545458,50.97483748645723
ljt019,transformers,https://github.com/ljt019/transformers,59.07000000000002,59.07000000000002,
fujiapple852,trippy,https://github.com/fujiapple852/trippy,61.67417465753428,61.67417465753428,61.93244047619049
fujiapple852,claptrap,https://github.com/fujiapple852/claptrap,57.93623791436465,57.93623791436465,58.607184185149464
hathach,tinyusb,https://github.com/hathach/tinyusb,39.115904909739015,39.115904909739015,45.902417830355546
juanjoGonDev,fastypest,https://github.com/juanjoGonDev/fastypest,22.75797473606568,22.757974736065677,23.927167829010102
Kuan-Lun,johansen-null-eigenspectra,https://github.com/Kuan-Lun/johansen-null-eigenspectra,21.1551960784314,21.155196078431402,69.6764868309261
puemos,hls-downloader,https://github.com/puemos/hls-downloader,40.98964419676352,40.98964419676352,46.292730769230786
jrkropp,open-webui-developer-toolkit,https://github.com/jrkropp/open-webui-developer-toolkit,46.83388888888891,46.83388888888891,36.66626932989692
humaidq,dotfiles,https://github.com/humaidq/dotfiles,42.51467391304351,42.51467391304351,
graphql-python,graphql-server,https://github.com/graphql-python/graphql-server,42.85925270403152,42.85925270403152,39.13898467432952
SLNE-Development,community-server-docs,https://github.com/SLNE-Development/community-server-docs,38.296662895927625,38.296662895927625,38.35200045934775
settlemint,asset-tokenization-kit,https://github.com/settlemint/asset-tokenization-kit,0.0,,
cossistantcom,cossistant,https://github.com/cossistantcom/cossistant,46.10038244766508,46.10038244766508,46.27529104477614
BoldGrid,w3-total-cache,https://github.com/BoldGrid/w3-total-cache,26.04702797202799,26.04702797202799,21.845057226945755
cubeindex-project,CubeIndex,https://github.com/cubeindex-project/CubeIndex,11.150714285714317,11.150714285714315,-5.674736842105233
Vidyano,vidyano,https://github.com/Vidyano/vidyano,30.229629220922533,30.229629220922533,34.833489051094915
foxminchan,BookWorm,https://github.com/foxminchan/BookWorm,2.3199059929494865,2.3199059929494865,-46.03015734265733
nornagon,cdda-guide,https://github.com/nornagon/cdda-guide,49.89308545239504,49.89308545239504,48.345588235294144
devnullvoid,proxmox-tui,https://github.com/devnullvoid/proxmox-tui,21.198441558441573,21.198441558441573,19.062957512507836
juliemar,treinamento-fluig-wcm,https://github.com/juliemar/treinamento-fluig-wcm,26.13166666666669,26.13166666666669,37.580440811258285
thrasher-corp,gocryptotrader,https://github.com/thrasher-corp/gocryptotrader,-23.359999999999985,-23.359999999999985,
mbrt,gmailctl,https://github.com/mbrt/gmailctl,22.94963585434178,22.94963585434178,6.654663536776241
vbpf,prevail,https://github.com/vbpf/prevail,35.58273104880584,35.58273104880584,34.58583333333337
Melvynx,saveit.now,https://github.com/Melvynx/saveit.now,29.4420434782609,29.4420434782609,25.374444444444464
deco-cx,chat,https://github.com/deco-cx/chat,45.187347928994086,45.187347928994086,45.22209243270697
marykdb,maryk,https://github.com/marykdb/maryk,65.36311320754719,65.36311320754719,65.60598130841124
gleanwork,glean-agent-toolkit,https://github.com/gleanwork/glean-agent-toolkit,52.69336363636367,52.69336363636367,61.951190147964354
andrejvysny,spendly,https://github.com/andrejvysny/spendly,16.06533166991241,16.06533166991241,16.324629249972787
masc-ucsc,hagent,https://github.com/masc-ucsc/hagent,35.67733108108112,35.67733108108112,36.63710743801656
ryanmac8,HA-Mint-Mobile,https://github.com/ryanmac8/HA-Mint-Mobile,19.02500000000001,19.025000000000006,18.835863570391894
kingstinct,zemble,https://github.com/kingstinct/zemble,-386.3799999999999,-386.3799999999999,
PrairieLearn,PrairieLearn,https://github.com/PrairieLearn/PrairieLearn,53.37182041642569,53.37182041642569,52.27494857452186
DataDog,datadog-agent,https://github.com/DataDog/datadog-agent,17.693858986981752,17.693858986981752,3.8794101633394007
DataDog,datadog-ci-rb,https://github.com/DataDog/datadog-ci-rb,12.22273133116886,12.222731331168859,-13.952620423892085
CapSoftware,Cap,https://github.com/CapSoftware/Cap,46.23060225260676,46.23060225260676,58.46097280949027
DannyMac180,meta-agent,https://github.com/DannyMac180/meta-agent,51.00310874080333,51.00310874080333,54.94778953189669
East-Showdown,East-Showdown,https://github.com/East-Showdown/East-Showdown,-449.8068965517241,-449.8068965517241,
openpromisesmy,ui,https://github.com/openpromisesmy/ui,40.87981098109813,40.87981098109813,35.47610294117649
francoisthire,bam,https://github.com/francoisthire/bam,57.853500000000025,57.853500000000025,
sqlrooms,sqlrooms,https://github.com/sqlrooms/sqlrooms,33.93182539682542,33.93182539682542,27.587764705882364
TypedDevs,bashunit,https://github.com/TypedDevs/bashunit,46.31521373414233,46.31521373414233,42.809280338060034
owenlamont,uv-secure,https://github.com/owenlamont/uv-secure,51.32663398692813,51.32663398692813,43.780944395410444
TrainLoop,evals,https://github.com/TrainLoop/evals,120.205,120.20500000000001,
owid,etl,https://github.com/owid/etl,0.0,,
owid,owid-grapher,https://github.com/owid/owid-grapher,0.0,,
avalan-ai,avalan,https://github.com/avalan-ai/avalan,43.72559982250348,43.72559982250348,47.62998903027645
w-m,latent-viewer,https://github.com/w-m/latent-viewer,54.62540703394001,54.62540703394001,55.89538221653606
MooVC,Fluentify,https://github.com/MooVC/Fluentify,37.43215598739499,37.43215598739499,44.569780661105995
AhmedSalih3d,SPHExample,https://github.com/AhmedSalih3d/SPHExample,33.184879310344854,33.184879310344854,7.941124841571622
stevehansen,csv,https://github.com/stevehansen/csv,55.65633333333335,55.65633333333335,51.74768252212394
cameroncooke,XcodeBuildMCP,https://github.com/cameroncooke/XcodeBuildMCP,24.255169503776784,24.255169503776784,19.301645962732948
Insight-Services-APAC,ingenious,https://github.com/Insight-Services-APAC/ingenious,38.27756097560979,38.27756097560979,29.899266764922658
thorek1,MacroModelling.jl,https://github.com/thorek1/MacroModelling.jl,48.197015810276696,48.197015810276696,-10.623461538461498
onflow,flow-go,https://github.com/onflow/flow-go,12.919750000000022,12.919750000000022,7.931470588235328
pathoplexus,pathoplexus,https://github.com/pathoplexus/pathoplexus,79.48391836734696,79.48391836734696,
blokadaorg,blokada,https://github.com/blokadaorg/blokada,35.41882075471699,35.41882075471699,39.724972254335285
katsuhirohonda,anthropic-sdk-rs,https://github.com/katsuhirohonda/anthropic-sdk-rs,1.917667984189734,1.917667984189734,-25.90435338345864
mimium-org,mimium-rs,https://github.com/mimium-org/mimium-rs,20.474297034764845,20.474297034764845,34.75714948705425
MagnaCapax,PMSS,https://github.com/MagnaCapax/PMSS,22.392804838660084,22.392804838660084,24.6100982796045
evmts,guillotine,https://github.com/evmts/guillotine,0.0,,
AgustinOberg,leshi-ui,https://github.com/AgustinOberg/leshi-ui,23.21840212264155,23.21840212264155,17.73285714285717
modal-labs,modal-client,https://github.com/modal-labs/modal-client,48.58467924528304,48.58467924528304,38.272460024600264
glacials,twos.dev,https://github.com/glacials/twos.dev,39.93497229100345,39.93497229100345,47.28586956521741
adeze,raindrop-mcp,https://github.com/adeze/raindrop-mcp,22.354780499349204,22.354780499349204,26.08841666666669
python-cachier,cachier,https://github.com/python-cachier/cachier,34.917776722992215,34.917776722992215,38.45935519125686
Kiln-AI,Kiln,https://github.com/Kiln-AI/Kiln,61.370527065527085,61.370527065527085,56.83565451775462
nbonamy,witsy,https://github.com/nbonamy/witsy,46.3340106951872,46.3340106951872,45.55805871670705
jameshiew,infinigen,https://github.com/jameshiew/infinigen,58.2244776119403,58.2244776119403,59.94807692307694
mark3labs,mcp-go,https://github.com/mark3labs/mcp-go,41.36525578664879,41.36525578664879,-46.520367965367925
selfxyz,self,https://github.com/selfxyz/self,21.601935704514403,21.601935704514403,21.29357214428859
Pipelex,pipelex,https://github.com/Pipelex/pipelex,40.46385190152316,40.46385190152316,35.402055409852295
Pipelex,pipelex-cookbook,https://github.com/Pipelex/pipelex-cookbook,40.19753584764752,40.197535847647515,35.89961284877455
anzax,dockashell,https://github.com/anzax/dockashell,29.20798780487806,29.20798780487806,
KomodoPlatform,komodo-wallet,https://github.com/KomodoPlatform/komodo-wallet,26.9873120300752,26.987312030075202,28.03256292906181
phel-lang,phel-lang,https://github.com/phel-lang/phel-lang,24.946989966555208,24.946989966555208,29.144305907584368
jlucaso1,whatsapp-rust,https://github.com/jlucaso1/whatsapp-rust,17.888179074446697,17.888179074446697,31.930696017537457
ai-shifu,ai-shifu,https://github.com/ai-shifu/ai-shifu,20.69481339357557,20.694813393575572,-5.640745384503532
kubetail-org,kubetail,https://github.com/kubetail-org/kubetail,42.52205882352942,42.52205882352942,38.44656504065043
nounder,effect-start,https://github.com/nounder/effect-start,49.62642857142859,49.62642857142859,53.97592105263159
perplex-labs,aolite,https://github.com/perplex-labs/aolite,37.38699683544306,37.38699683544306,46.505000000000024
engkimo,SynthepseAI,https://github.com/engkimo/SynthepseAI,44.38204686118482,44.38204686118482,41.73836480362539
seratch,openai-sdk-knowledge-org,https://github.com/seratch/openai-sdk-knowledge-org,42.09772727272727,42.09772727272727,42.94487179487183
stack-auth,stack-auth,https://github.com/stack-auth/stack-auth,46.76263489208634,46.76263489208634,44.78439290761921
calcom,cal.com,https://github.com/calcom/cal.com,40.7092307692308,40.7092307692308,33.17053543307088
open4good,open4goods,https://github.com/open4good/open4goods,25.55475609756101,25.55475609756101,32.4474794156707
yukukotani,just-styled,https://github.com/yukukotani/just-styled,61.49774647887327,61.49774647887327,70.95859267734555
open5e,open5e-api,https://github.com/open5e/open5e-api,60.53226076555024,60.532260765550234,53.448866867729464
arakhmati,torchtrail,https://github.com/arakhmati/torchtrail,75.50000000000003,75.50000000000003,
llama-farm,llamafarm,https://github.com/llama-farm/llamafarm,52.68323770491807,52.68323770491807,51.28043560606062
voku,AmysEcho,https://github.com/voku/AmysEcho,30.10573624288429,30.10573624288429,38.69898483849704
openshift-pipelines,pipelines-as-code,https://github.com/openshift-pipelines/pipelines-as-code,-72.26627358490563,-72.26627358490563,
wandelbotsgmbh,wandelbots-nova,https://github.com/wandelbotsgmbh/wandelbots-nova,27.63300000000001,27.63300000000001,
trimble-oss,modus-icons,https://github.com/trimble-oss/modus-icons,30.4417391304348,30.441739130434797,27.70322981366462
PostHog,posthog,https://github.com/PostHog/posthog,19.394484197972588,19.394484197972588,-17.43080769230764
ArcInstitute,SRAgent,https://github.com/ArcInstitute/SRAgent,49.453742151980975,49.453742151980975,43.009835487661604
joamag,boytacean,https://github.com/joamag/boytacean,41.374142857142886,41.374142857142886,39.870529661016974
rustfs,rustfs,https://github.com/rustfs/rustfs,41.3726829268293,41.3726829268293,35.71653420038538
huggingface,smolagents,https://github.com/huggingface/smolagents,8.875000000000028,8.875000000000028,
robinkarlberg,transfer.zip-web,https://github.com/robinkarlberg/transfer.zip-web,52.8666666666667,52.8666666666667,
seanmcquaid,scaffolding-templates,https://github.com/seanmcquaid/scaffolding-templates,-12.364676456369352,-12.364676456369352,-18.44363636363633
jlowin,fastmcp,https://github.com/jlowin/fastmcp,25.52979293025021,25.52979293025021,24.272678849258767
jlowin,copychat,https://github.com/jlowin/copychat,40.85887633136096,40.85887633136096,28.944468229697605
alexanderop,blog-starter-nuxt,https://github.com/alexanderop/blog-starter-nuxt,43.399169960474325,43.399169960474325,40.09105710659901
kyryl-opens-ml,ml-in-production-practice,https://github.com/kyryl-opens-ml/ml-in-production-practice,44.45535940803384,44.45535940803384,
kyryl-opens-ml,no-ocr,https://github.com/kyryl-opens-ml/no-ocr,58.86310526315791,58.863105263157905,43.7632142857143
fponticelli,tempots,https://github.com/fponticelli/tempots,42.35667731629394,42.35667731629394,46.52786165327211
roboflow,inference,https://github.com/roboflow/inference,42.3750483053532,42.375048305353204,44.997140825035586
jonaraphael,csv,https://github.com/jonaraphael/csv,40.69853221502101,40.698532215021004,46.83448306595366
gaspardpetit,WordAI,https://github.com/gaspardpetit/WordAI,45.405200216450254,45.405200216450254,
gaspardpetit,verbatim,https://github.com/gaspardpetit/verbatim,42.5527074634656,42.552707463465595,41.94020002637711
SmolSoftBoi,setup-macos,https://github.com/SmolSoftBoi/setup-macos,51.3635647585084,51.3635647585084,50.93121708835997
AndrewAltimit,template-repo,https://github.com/AndrewAltimit/template-repo,15.592219102395743,15.592219102395745,16.298544765646938
EasyCorp,EasyAdminBundle,https://github.com/EasyCorp/EasyAdminBundle,42.130916442048544,42.130916442048544,42.06659928509802
ArtifactLabs,git-recycle-bin,https://github.com/ArtifactLabs/git-recycle-bin,45.71912644389442,45.719126443894424,39.995031712473605
pgdogdev,pgdog,https://github.com/pgdogdev/pgdog,35.75242857142857,35.75242857142857,34.297403414195884
metacraft-labs,codetracer-ruby-recorder,https://github.com/metacraft-labs/codetracer-ruby-recorder,48.49004439252337,48.49004439252337,43.041682877364366
metacraft-labs,codetracer-python-recorder,https://github.com/metacraft-labs/codetracer-python-recorder,45.27167014069832,45.27167014069832,38.63206521739133
metacraft-labs,nix-blockchain-development,https://github.com/metacraft-labs/nix-blockchain-development,42.66153846153847,42.66153846153847,
metacraft-labs,codetracer,https://github.com/metacraft-labs/codetracer,55.26104347826089,55.26104347826089,51.48486371277619
espresso3389,pdfrx,https://github.com/espresso3389/pdfrx,32.468729147295335,32.468729147295335,28.40594539179864
msgbyte,tianji,https://github.com/msgbyte/tianji,55.9769230769231,55.9769230769231,67.63762820512821
on-paper,ink,https://github.com/on-paper/ink,39.3915438251673,39.391543825167304,47.83455867259667
pulumi,docs,https://github.com/pulumi/docs,35.60177732079907,35.60177732079907,38.03781188925083
evandempsey,fp-growth,https://github.com/evandempsey/fp-growth,55.02311855670106,55.023118556701064,
tszhong0411,nelsonlai.me,https://github.com/tszhong0411/nelsonlai.me,21.0351566951567,21.0351566951567,13.08501174890904
trilogy-group,cli_engineer,https://github.com/trilogy-group/cli_engineer,23.711480983877664,23.711480983877664,31.054690993788824
myfear,ejq_substack_articles,https://github.com/myfear/ejq_substack_articles,53.84380952380954,53.84380952380954,
xbglowx,vault-kv-search,https://github.com/xbglowx/vault-kv-search,45.032207717311536,45.032207717311536,41.164444444444484
iarunsaragadam,ngx-tailwind-flex-ui,https://github.com/iarunsaragadam/ngx-tailwind-flex-ui,19.53384455032761,19.533844550327615,30.760283355644816
pytorch,pytorch,https://github.com/pytorch/pytorch,70.34676744186048,70.34676744186048,54.25717977528093
dropseed,plain,https://github.com/dropseed/plain,54.94134043985639,54.94134043985639,52.868986486486506
loculus-project,loculus,https://github.com/loculus-project/loculus,11.38609090909094,11.386090909090939,14.156190476190517
knavillus1,codex_bootstrap,https://github.com/knavillus1/codex_bootstrap,46.49791153444679,46.497911534446786,37.237433380084184
hahwul,dalfox,https://github.com/hahwul/dalfox,39.63516222152961,39.63516222152961,41.66029439089539
SYMBaiEX,SYMindX,https://github.com/SYMBaiEX/SYMindX,5.054744208494242,5.054744208494242,8.468529411764735
sequinstream,sequin,https://github.com/sequinstream/sequin,48.244022988505776,48.244022988505776,
tanepiper,teskooano,https://github.com/tanepiper/teskooano,-11.998936470588204,-11.998936470588205,-64.7873256351039
coder,coder,https://github.com/coder/coder,0.0,,
netresearch,ofelia,https://github.com/netresearch/ofelia,42.35942028985508,42.35942028985508,37.6914548022599
uakihir0,kbsky,https://github.com/uakihir0/kbsky,42.26767857142861,42.267678571428604,
erjiang,foxscheme,https://github.com/erjiang/foxscheme,92.12191919191922,92.12191919191922,
Jiu-xiao,libxr,https://github.com/Jiu-xiao/libxr,78.14021621621623,78.14021621621623,
h-sumiya,xserver-auto-renew-rs,https://github.com/h-sumiya/xserver-auto-renew-rs,39.7559782608696,39.7559782608696,
ivangrynenko,cursorrules,https://github.com/ivangrynenko/cursorrules,-222.432,-222.432,-57.140189912826884
josemarluedke,frontile,https://github.com/josemarluedke/frontile,35.66073166792293,35.66073166792293,35.19010023584909
linear-b,gitstream,https://github.com/linear-b/gitstream,39.26980481283425,39.26980481283425,41.04368932038835
dartsim,dart,https://github.com/dartsim/dart,51.65380440733648,51.65380440733648,51.185869565217416
AlexGladkov,JetHabit,https://github.com/AlexGladkov/JetHabit,35.87136583400485,35.87136583400485,37.70311764705883
modelcontextprotocol,inspector,https://github.com/modelcontextprotocol/inspector,-102.8088461538461,-102.8088461538461,-104.67249999999996
514-labs,moose,https://github.com/514-labs/moose,5.55892753623192,5.55892753623192,-28.22650551314672
talos-agent,talos,https://github.com/talos-agent/talos,59.37645833333335,59.376458333333346,55.68661991584855
cortega26,rutificador,https://github.com/cortega26/rutificador,-17.674978501228452,-17.674978501228452,-20.90326748277377
yamadashy,tech-blog-rss-feed,https://github.com/yamadashy/tech-blog-rss-feed,36.62000000000003,36.62000000000003,
yamadashy,repomix,https://github.com/yamadashy/repomix,36.62000000000003,36.62000000000003,
takoserver,takos,https://github.com/takoserver/takos,78.20100000000002,78.20100000000002,15.809130434782631
briangu,klongpy,https://github.com/briangu/klongpy,84.90000000000003,84.90000000000003,
leftouterjoins,podsumer,https://github.com/leftouterjoins/podsumer,41.83601438900425,41.83601438900425,41.77374825174829
YPSH-DGC,YPSH,https://github.com/YPSH-DGC/YPSH,46.31903954802263,46.31903954802263,28.100301980198026
macro-peg,macro_peg,https://github.com/macro-peg/macro_peg,80.09764705882354,80.09764705882354,
OpenAF,openaf,https://github.com/OpenAF/openaf,48.511189320388354,48.511189320388354,45.22540756302524
steveandroulakis,temporal-ai-agent,https://github.com/steveandroulakis/temporal-ai-agent,10.35475682087784,10.354756820877839,8.2568346456693
AustinKelsay,snstr,https://github.com/AustinKelsay/snstr,50.130789473684246,50.130789473684246,56.444947058823544
AustinKelsay,plebdevs,https://github.com/AustinKelsay/plebdevs,38.59276022628373,38.59276022628373,35.67931844888369
fellowship-of-the-roms,CrystalShireEngine,https://github.com/fellowship-of-the-roms/CrystalShireEngine,41.567727272727296,41.567727272727296,20.371086956521765
aavetis,PRarena,https://github.com/aavetis/PRarena,53.71416239316241,53.71416239316241,55.08725571725574
yoshiko-pg,difit,https://github.com/yoshiko-pg/difit,42.05112637362637,42.051126373626374,46.488331903945124
nrwl,nx-console,https://github.com/nrwl/nx-console,36.68336349924587,36.68336349924587,22.817280178837564
nrwl,nx,https://github.com/nrwl/nx,45.87481786454359,45.87481786454359,47.106243921671734
simonw,llm,https://github.com/simonw/llm,50.33305232558144,50.333052325581434,
simonw,simonwillisonblog,https://github.com/simonw/simonwillisonblog,18.17833333333334,18.17833333333334,
SwitchbackTech,compass,https://github.com/SwitchbackTech/compass,21.686155601659777,21.686155601659777,21.392796978446654
j5ik2o,oni-comb-rs,https://github.com/j5ik2o/oni-comb-rs,43.83754504504506,43.83754504504506,-205.52805642633223
j5ik2o,nexus-actor-rs,https://github.com/j5ik2o/nexus-actor-rs,65.96424949290062,65.96424949290062,-392.94394366197173
Skyvern-AI,skyvern,https://github.com/Skyvern-AI/skyvern,-4.239175319488794,-4.239175319488794,-18.659603049421634
fazer-ai,chatwoot,https://github.com/fazer-ai/chatwoot,31.068754045307458,31.068754045307458,-4.127042951541824
karakeep-app,karakeep,https://github.com/karakeep-app/karakeep,47.64379713423836,47.643797134238355,48.56789120715354
BeehiveInnovations,zen-mcp-server,https://github.com/BeehiveInnovations/zen-mcp-server,26.826591260634217,26.826591260634217,18.619170274170273
adaptive,pops,https://github.com/adaptive/pops,33.69347972972977,33.69347972972977,33.12425106810761
F286,VsHelix,https://github.com/F286/VsHelix,31.51311827956988,31.51311827956988,33.73397677793906
linux-application-whitelisting,fapolicyd,https://github.com/linux-application-whitelisting/fapolicyd,56.65307692307695,56.65307692307695,48.306928571428585
Weaverse,weaverse,https://github.com/Weaverse/weaverse,-6.980833333333294,-6.980833333333294,-31.977045454545447
apify,apify-docs,https://github.com/apify/apify-docs,-9.613120393120395,-9.613120393120397,-5.481632653061183
iris-hep,func_adl,https://github.com/iris-hep/func_adl,66.02324675324678,66.02324675324678,
usnistgov,AFL-automation,https://github.com/usnistgov/AFL-automation,27.56000000000003,27.56000000000003,23.849487626903596
netz98,n98-magerun2,https://github.com/netz98/n98-magerun2,29.05402679440448,29.05402679440448,30.965180545320607
tracking202,prosper202,https://github.com/tracking202/prosper202,13.53044897959188,13.530448979591881,18.77366312741316
agustif,llm-arxiv,https://github.com/agustif/llm-arxiv,44.44362795838052,44.44362795838052,37.4465707384758
reductstore,web-console,https://github.com/reductstore/web-console,48.63500000000002,48.63500000000002,
buster-so,buster,https://github.com/buster-so/buster,23.030308988764062,23.030308988764062,3.3189811256781354
eduzen,website,https://github.com/eduzen/website,54.94820031298906,54.94820031298906,49.73770995670995
SpineEventEngine,core-java,https://github.com/SpineEventEngine/core-java,-9.79499999999996,-9.794999999999959,
aliev,baker,https://github.com/aliev/baker,33.84857541899444,33.84857541899444,28.92914958323948
LocalSymmetry,lofn,https://github.com/LocalSymmetry/lofn,38.72423272607912,38.72423272607912,37.70876040827292
alekitto,sentry-kubernetes,https://github.com/alekitto/sentry-kubernetes,40.82192567567572,40.821925675675715,
josh,lazy-nvim-nix,https://github.com/josh/lazy-nvim-nix,62.54639534883722,62.54639534883722,
chrismatix,grog,https://github.com/chrismatix/grog,39.894076915722565,39.894076915722565,42.72098011363639
XOXNO,rs-lending,https://github.com/XOXNO/rs-lending,41.56376733436059,41.56376733436059,40.612939039618595
adamritter,pageql,https://github.com/adamritter/pageql,49.622819634703234,49.622819634703234,
henkaku-center,omise-interface,https://github.com/henkaku-center/omise-interface,27.24858536585367,27.24858536585367,
Pirate-Weather,pirate-weather-code,https://github.com/Pirate-Weather/pirate-weather-code,55.265833333333376,55.265833333333376,
gacela-project,gacela,https://github.com/gacela-project/gacela,26.77295333976372,26.772953339763717,25.17534399890141
jaredsburrows,android-gif-search,https://github.com/jaredsburrows/android-gif-search,16.07167229729731,16.07167229729731,29.304325782092803
openai,codex,https://github.com/openai/codex,47.59719592441528,47.597195924415274,47.80762711864409
openai,openai-agents-python,https://github.com/openai/openai-agents-python,53.99501459143971,53.99501459143971,54.43166666666667
openai,openai-agents-js,https://github.com/openai/openai-agents-js,31.86798259981333,31.86798259981333,37.2797593582888
samuelstevens,biobench,https://github.com/samuelstevens/biobench,54.93750000000003,54.93750000000003,53.61011265036484
wandb,weave,https://github.com/wandb/weave,32.35745888671005,32.35745888671005,27.470735932475918
demergent-labs,azle,https://github.com/demergent-labs/azle,43.81619337674161,43.81619337674161,46.07832644628101
leonardsellem,readwise-vector-db,https://github.com/leonardsellem/readwise-vector-db,37.29809733044832,37.298097330448314,33.39322258887057
leonardsellem,n8n-mcp-server,https://github.com/leonardsellem/n8n-mcp-server,55.21011576846308,55.21011576846308,53.7235661764706
ant-design,ant-design,https://github.com/ant-design/ant-design,52.04822033898307,52.04822033898307,44.51632207401036
image-source-control,image-source-control,https://github.com/image-source-control/image-source-control,65.90875,65.90875,65.44889735099338
doc-detective,doc-detective.github.io,https://github.com/doc-detective/doc-detective.github.io,39.61335369363016,39.61335369363016,39.60690262172287
dclamage,SudokuSolver,https://github.com/dclamage/SudokuSolver,23.95981363607578,23.95981363607578,19.53846117643755
block,goose,https://github.com/block/goose,20.678041277258583,20.678041277258586,6.434090909090941
commontoolsinc,labs,https://github.com/commontoolsinc/labs,9.977294429708252,9.977294429708252,2.055000000000007
OneSila,OneSilaHeadless,https://github.com/OneSila/OneSilaHeadless,25.5165168887512,25.516516888751198,16.930688524590153
ForumMagnum,ForumMagnum,https://github.com/ForumMagnum/ForumMagnum,24.42947582283628,24.42947582283628,22.318292540792555
renlabs-dev,torus-ts,https://github.com/renlabs-dev/torus-ts,0.0,,
craftyme,bordful,https://github.com/craftyme/bordful,50.75787778682079,50.757877786820785,49.589327665849964
Protelis,Protelis,https://github.com/Protelis/Protelis,56.16106724823325,56.16106724823325,52.739519607843164
jkroepke,openvpn-auth-oauth2,https://github.com/jkroepke/openvpn-auth-oauth2,39.23825431034484,39.23825431034484,49.36588056680165
luccahuguet,yazelix,https://github.com/luccahuguet/yazelix,45.69504504504505,45.69504504504505,
dasch-swiss,dsp-api,https://github.com/dasch-swiss/dsp-api,41.72447142224195,41.72447142224195,38.45060785645009
johnlindquist,kit,https://github.com/johnlindquist/kit,49.94137254901963,49.94137254901963,61.632131147541
